,0.5,0.6,0.7,0.8,0.9,1.0,1.1,1.2,1.3,1.4,1.5,1.6,1.7,1.8,1.9,2.0,2.1,2.2,2.3,2.4,2.5,2.6,2.7,2.8,2.9,3.0,3.1,3.2,3.3,3.4,3.5,3.6,3.7,3.8,3.9,4.0,4.1,4.2,4.3,4.4,4.5,4.6,4.7,4.8,4.9,5.0
0.5,0.03833,0.03946,0.04043,0.04127,0.04202,0.0427,0.04331,0.04388,0.0444,0.04489,0.04534,0.04577,0.04618,0.04656,0.04692,0.04727,0.0476,0.04792,0.04823,0.04852,0.0488,0.04907,0.04934,0.04959,0.04984,0.05007,0.05031,0.05053,0.05075,0.05096,0.05117,0.05137,0.05157,0.05176,0.05195,0.05213,0.05231,0.05249,0.05266,0.05283,0.05299,0.05316,0.05332,0.05347,0.05362,0.05377
0.6,0.02764,0.02878,0.02976,0.03062,0.03138,0.03207,0.0327,0.03328,0.03382,0.03432,0.03479,0.03523,0.03565,0.03604,0.03642,0.03678,0.03712,0.03745,0.03777,0.03807,0.03836,0.03865,0.03892,0.03918,0.03944,0.03969,0.03993,0.04016,0.04039,0.04061,0.04082,0.04103,0.04124,0.04144,0.04163,0.04183,0.04201,0.0422,0.04238,0.04255,0.04272,0.04289,0.04306,0.04322,0.04338,0.04354
0.7,0.01847,0.01955,0.02049,0.02132,0.02206,0.02273,0.02334,0.02391,0.02444,0.02494,0.0254,0.02584,0.02625,0.02664,0.02702,0.02738,0.02772,0.02805,0.02836,0.02866,0.02896,0.02924,0.02951,0.02978,0.03003,0.03028,0.03052,0.03076,0.03099,0.03121,0.03143,0.03164,0.03184,0.03205,0.03224,0.03244,0.03262,0.03281,0.03299,0.03317,0.03334,0.03351,0.03368,0.03384,0.034,0.03416
0.8,0.01116,0.0121,0.01293,0.01368,0.01435,0.01496,0.01553,0.01605,0.01654,0.01701,0.01744,0.01785,0.01824,0.01861,0.01897,0.01931,0.01963,0.01995,0.02025,0.02054,0.02082,0.02109,0.02136,0.02161,0.02186,0.0221,0.02233,0.02256,0.02278,0.023,0.02321,0.02341,0.02361,0.02381,0.024,0.02419,0.02437,0.02455,0.02473,0.0249,0.02507,0.02524,0.0254,0.02557,0.02572,0.02588
0.9,0.00604,0.00676,0.00741,0.00801,0.00855,0.00906,0.00953,0.00998,0.0104,0.01079,0.01117,0.01153,0.01187,0.0122,0.01251,0.01281,0.0131,0.01338,0.01366,0.01392,0.01417,0.01442,0.01466,0.01489,0.01512,0.01534,0.01555,0.01576,0.01596,0.01616,0.01636,0.01655,0.01674,0.01692,0.0171,0.01727,0.01744,0.01761,0.01778,0.01794,0.0181,0.01825,0.01841,0.01856,0.01871,0.01885
1.0,0.00306,0.00353,0.00397,0.00438,0.00476,0.00513,0.00548,0.00581,0.00613,0.00643,0.00672,0.007,0.00727,0.00754,0.00779,0.00803,0.00827,0.0085,0.00873,0.00894,0.00916,0.00936,0.00956,0.00976,0.00995,0.01014,0.01032,0.0105,0.01068,0.01085,0.01102,0.01118,0.01134,0.0115,0.01166,0.01181,0.01196,0.01211,0.01226,0.0124,0.01254,0.01268,0.01282,0.01295,0.01308,0.01322
1.1,0.00157,0.00185,0.00211,0.00236,0.00261,0.00285,0.00308,0.0033,0.00351,0.00372,0.00393,0.00413,0.00432,0.00451,0.00469,0.00487,0.00505,0.00522,0.00539,0.00556,0.00572,0.00587,0.00603,0.00618,0.00633,0.00648,0.00662,0.00677,0.0069,0.00704,0.00718,0.00731,0.00744,0.00757,0.0077,0.00782,0.00794,0.00807,0.00819,0.0083,0.00842,0.00853,0.00865,0.00876,0.00887,0.00898
1.2,0.01,0.01004,0.01007,0.01011,0.01016,0.01021,0.01026,0.01032,0.01037,0.01044,0.0105,0.01057,0.01064,0.01071,0.01078,0.01085,0.01093,0.01101,0.01109,0.01117,0.01125,0.01133,0.01142,0.0115,0.01159,0.01167,0.01176,0.01185,0.01193,0.01202,0.01211,0.01219,0.01228,0.01237,0.01246,0.01255,0.01263,0.01272,0.01281,0.0129,0.01299,0.01307,0.01316,0.01325,0.01334,0.01342
1.3,0.0396,0.0396,0.03961,0.03961,0.03962,0.03962,0.03962,0.03963,0.03963,0.03963,0.03964,0.03964,0.03965,0.03965,0.03965,0.03966,0.03966,0.03967,0.03967,0.03968,0.03968,0.03969,0.03969,0.0397,0.0397,0.03971,0.03972,0.03972,0.03973,0.03973,0.03974,0.03975,0.03975,0.03976,0.03977,0.03977,0.03978,0.03979,0.03979,0.0398,0.03981,0.03982,0.03982,0.03983,0.03984,0.03985
1.4,0.06994,0.06995,0.06996,0.06997,0.06998,0.06998,0.06999,0.06999,0.07,0.07,0.07,0.07001,0.07001,0.07001,0.07002,0.07002,0.07002,0.07002,0.07003,0.07003,0.07003,0.07003,0.07003,0.07004,0.07004,0.07004,0.07004,0.07005,0.07005,0.07005,0.07005,0.07005,0.07006,0.07006,0.07006,0.07006,0.07006,0.07007,0.07007,0.07007,0.07007,0.07007,0.07008,0.07008,0.07008,0.07008
1.5,0.09981,0.09985,0.09988,0.09991,0.09993,0.09995,0.09997,0.09998,0.09999,0.10001,0.10002,0.10003,0.10003,0.10004,0.10005,0.10006,0.10006,0.10007,0.10008,0.10008,0.10009,0.10009,0.1001,0.1001,0.10011,0.10011,0.10011,0.10012,0.10012,0.10012,0.10013,0.10013,0.10013,0.10014,0.10014,0.10014,0.10015,0.10015,0.10015,0.10015,0.10016,0.10016,0.10016,0.10016,0.10017,0.10017
1.6,0.12839,0.1285,0.12859,0.12866,0.12873,0.12878,0.12882,0.12886,0.1289,0.12893,0.12896,0.12899,0.12901,0.12904,0.12906,0.12908,0.1291,0.12911,0.12913,0.12914,0.12916,0.12917,0.12918,0.1292,0.12921,0.12922,0.12923,0.12924,0.12925,0.12926,0.12927,0.12928,0.12928,0.12929,0.1293,0.12931,0.12931,0.12932,0.12933,0.12934,0.12934,0.12935,0.12935,0.12936,0.12936,0.12937
1.7,0.1549,0.15514,0.15534,0.1555,0.15564,0.15576,0.15586,0.15596,0.15604,0.15612,0.15618,0.15625,0.1563,0.15636,0.1564,0.15645,0.15649,0.15653,0.15657,0.15661,0.15664,0.15667,0.1567,0.15673,0.15676,0.15678,0.15681,0.15683,0.15685,0.15688,0.1569,0.15692,0.15694,0.15696,0.15697,0.15699,0.15701,0.15702,0.15704,0.15706,0.15707,0.15708,0.1571,0.15711,0.15713,0.15714
1.8,0.17861,0.17905,0.17941,0.17971,0.17997,0.18019,0.18039,0.18057,0.18073,0.18087,0.181,0.18112,0.18123,0.18134,0.18143,0.18152,0.18161,0.18169,0.18176,0.18183,0.1819,0.18196,0.18202,0.18208,0.18213,0.18218,0.18223,0.18228,0.18233,0.18237,0.18242,0.18246,0.1825,0.18253,0.18257,0.18261,0.18264,0.18267,0.18271,0.18274,0.18277,0.1828,0.18282,0.18285,0.18288,0.18291
1.9,0.19891,0.19961,0.20018,0.20067,0.20108,0.20145,0.20178,0.20207,0.20233,0.20257,0.20279,0.20299,0.20318,0.20335,0.20352,0.20367,0.20381,0.20395,0.20408,0.2042,0.20431,0.20442,0.20453,0.20463,0.20472,0.20481,0.2049,0.20498,0.20506,0.20514,0.20522,0.20529,0.20536,0.20543,0.20549,0.20555,0.20561,0.20567,0.20573,0.20579,0.20584,0.20589,0.20594,0.20599,0.20604,0.20609
2.0,0.21549,0.21647,0.21728,0.21797,0.21858,0.21911,0.21958,0.22001,0.2204,0.22075,0.22108,0.22138,0.22166,0.22192,0.22217,0.2224,0.22262,0.22283,0.22302,0.22321,0.22338,0.22355,0.22371,0.22386,0.22401,0.22415,0.22429,0.22442,0.22454,0.22466,0.22478,0.22489,0.225,0.22511,0.22521,0.22531,0.22541,0.2255,0.22559,0.22568,0.22576,0.22585,0.22593,0.22601,0.22608,0.22616
2.1,0.22834,0.2296,0.23065,0.23156,0.23235,0.23305,0.23367,0.23424,0.23476,0.23524,0.23568,0.23609,0.23647,0.23682,0.23716,0.23748,0.23778,0.23806,0.23833,0.23858,0.23883,0.23906,0.23928,0.2395,0.2397,0.2399,0.24009,0.24028,0.24045,0.24062,0.24079,0.24095,0.2411,0.24125,0.2414,0.24154,0.24167,0.24181,0.24193,0.24206,0.24218,0.2423,0.24242,0.24253,0.24264,0.24275
2.2,0.23783,0.23933,0.24059,0.24168,0.24264,0.24349,0.24425,0.24495,0.24559,0.24618,0.24673,0.24723,0.24771,0.24816,0.24858,0.24898,0.24935,0.24971,0.25005,0.25038,0.25069,0.25098,0.25127,0.25154,0.25181,0.25206,0.2523,0.25254,0.25277,0.25299,0.2532,0.25341,0.25361,0.2538,0.25399,0.25417,0.25435,0.25452,0.25469,0.25486,0.25502,0.25517,0.25533,0.25547,0.25562,0.25576
2.3,0.2445,0.24618,0.2476,0.24884,0.24993,0.2509,0.25178,0.25259,0.25332,0.25401,0.25464,0.25523,0.25578,0.25631,0.2568,0.25727,0.25771,0.25813,0.25853,0.25892,0.25928,0.25964,0.25998,0.2603,0.26061,0.26092,0.26121,0.26149,0.26176,0.26203,0.26228,0.26253,0.26277,0.26301,0.26323,0.26346,0.26367,0.26388,0.26409,0.26429,0.26448,0.26467,0.26486,0.26504,0.26521,0.26539
2.4,0.24893,0.25074,0.25228,0.25362,0.25481,0.25587,0.25683,0.25771,0.25852,0.25927,0.25997,0.26062,0.26124,0.26182,0.26236,0.26288,0.26337,0.26384,0.26429,0.26472,0.26513,0.26553,0.26591,0.26628,0.26663,0.26697,0.2673,0.26762,0.26793,0.26822,0.26851,0.2688,0.26907,0.26933,0.26959,0.26985,0.27009,0.27033,0.27056,0.27079,0.27101,0.27123,0.27144,0.27165,0.27186,0.27206
2.5,0.25166,0.25355,0.25517,0.25658,0.25782,0.25894,0.25996,0.26089,0.26175,0.26254,0.26328,0.26398,0.26463,0.26525,0.26583,0.26639,0.26691,0.26742,0.2679,0.26836,0.2688,0.26923,0.26963,0.27003,0.27041,0.27078,0.27113,0.27148,0.27181,0.27213,0.27245,0.27275,0.27305,0.27334,0.27362,0.27389,0.27416,0.27442,0.27467,0.27492,0.27516,0.2754,0.27563,0.27586,0.27608,0.2763
2.6,0.25311,0.25505,0.25671,0.25815,0.25943,0.26059,0.26163,0.26259,0.26348,0.2643,0.26507,0.26578,0.26646,0.2671,0.26771,0.26828,0.26883,0.26935,0.26985,0.27033,0.2708,0.27124,0.27166,0.27208,0.27247,0.27286,0.27323,0.27359,0.27394,0.27428,0.27461,0.27493,0.27524,0.27554,0.27584,0.27612,0.27641,0.27668,0.27695,0.27721,0.27746,0.27771,0.27796,0.2782,0.27843,0.27866
2.7,0.25362,0.25558,0.25725,0.25871,0.26,0.26117,0.26223,0.2632,0.2641,0.26493,0.26571,0.26644,0.26713,0.26778,0.26839,0.26898,0.26954,0.27007,0.27058,0.27107,0.27154,0.27199,0.27243,0.27285,0.27326,0.27365,0.27403,0.2744,0.27475,0.2751,0.27544,0.27577,0.27609,0.2764,0.2767,0.277,0.27728,0.27757,0.27784,0.27811,0.27837,0.27863,0.27888,0.27913,0.27937,0.27961
2.8,0.25343,0.25538,0.25705,0.2585,0.2598,0.26096,0.26203,0.263,0.2639,0.26473,0.26551,0.26624,0.26693,0.26759,0.2682,0.26879,0.26935,0.26989,0.2704,0.27089,0.27137,0.27182,0.27226,0.27268,0.27309,0.27349,0.27387,0.27424,0.2746,0.27495,0.27529,0.27562,0.27594,0.27626,0.27656,0.27686,0.27715,0.27744,0.27771,0.27799,0.27825,0.27851,0.27877,0.27902,0.27926,0.2795
2.9,0.2527,0.25464,0.25629,0.25774,0.25902,0.26018,0.26123,0.2622,0.26309,0.26392,0.26469,0.26542,0.26611,0.26676,0.26737,0.26796,0.26851,0.26905,0.26956,0.27005,0.27052,0.27097,0.27141,0.27183,0.27223,0.27263,0.27301,0.27338,0.27374,0.27409,0.27443,0.27476,0.27508,0.27539,0.27569,0.27599,0.27628,0.27657,0.27684,0.27711,0.27738,0.27764,0.27789,0.27814,0.27839,0.27863
3.0,0.25159,0.2535,0.25513,0.25655,0.25782,0.25896,0.26,0.26095,0.26184,0.26265,0.26342,0.26414,0.26482,0.26546,0.26606,0.26664,0.26719,0.26772,0.26822,0.26871,0.26917,0.26962,0.27005,0.27047,0.27087,0.27126,0.27164,0.272,0.27236,0.2727,0.27304,0.27336,0.27368,0.27399,0.27429,0.27459,0.27487,0.27516,0.27543,0.2757,0.27596,0.27622,0.27647,0.27672,0.27696,0.2772
3.1,0.25018,0.25206,0.25366,0.25506,0.25631,0.25743,0.25845,0.25939,0.26025,0.26106,0.26181,0.26252,0.26318,0.26381,0.26441,0.26498,0.26552,0.26604,0.26653,0.26701,0.26747,0.26791,0.26833,0.26874,0.26914,0.26952,0.26989,0.27025,0.2706,0.27094,0.27127,0.27159,0.2719,0.27221,0.27251,0.27279,0.27308,0.27335,0.27362,0.27389,0.27415,0.2744,0.27465,0.27489,0.27513,0.27536
3.2,0.24855,0.25039,0.25196,0.25334,0.25456,0.25566,0.25666,0.25758,0.25842,0.25921,0.25995,0.26064,0.2613,0.26191,0.2625,0.26306,0.26359,0.2641,0.26458,0.26505,0.2655,0.26593,0.26635,0.26675,0.26714,0.26751,0.26788,0.26823,0.26857,0.2689,0.26923,0.26954,0.26985,0.27015,0.27044,0.27072,0.271,0.27127,0.27154,0.2718,0.27205,0.2723,0.27254,0.27278,0.27301,0.27324
3.3,0.24676,0.24856,0.2501,0.25144,0.25264,0.25371,0.25469,0.25559,0.25642,0.25719,0.25792,0.25859,0.25923,0.25984,0.26041,0.26095,0.26147,0.26197,0.26245,0.2629,0.26334,0.26376,0.26417,0.26456,0.26494,0.26531,0.26567,0.26601,0.26635,0.26667,0.26699,0.2673,0.2676,0.26789,0.26818,0.26845,0.26873,0.26899,0.26925,0.2695,0.26975,0.26999,0.27023,0.27047,0.27069,0.27092
3.4,0.24484,0.24661,0.24811,0.24942,0.25059,0.25164,0.2526,0.25348,0.25429,0.25505,0.25575,0.25641,0.25704,0.25763,0.25819,0.25872,0.25923,0.25971,0.26018,0.26062,0.26105,0.26146,0.26186,0.26224,0.26262,0.26297,0.26332,0.26366,0.26399,0.26431,0.26461,0.26492,0.26521,0.26549,0.26577,0.26604,0.26631,0.26657,0.26682,0.26707,0.26731,0.26755,0.26778,0.26801,0.26823,0.26845
3.5,0.24284,0.24456,0.24603,0.24732,0.24846,0.24949,0.25042,0.25128,0.25207,0.25281,0.25349,0.25414,0.25475,0.25533,0.25587,0.25639,0.25689,0.25736,0.25781,0.25825,0.25867,0.25907,0.25946,0.25983,0.2602,0.26055,0.26089,0.26121,0.26153,0.26184,0.26215,0.26244,0.26273,0.263,0.26328,0.26354,0.2638,0.26405,0.2643,0.26454,0.26478,0.26501,0.26524,0.26546,0.26568,0.26589
3.6,0.24078,0.24246,0.2439,0.24515,0.24626,0.24727,0.24818,0.24901,0.24979,0.25051,0.25118,0.25181,0.2524,0.25296,0.2535,0.254,0.25449,0.25495,0.25539,0.25582,0.25622,0.25662,0.257,0.25736,0.25771,0.25806,0.25839,0.25871,0.25902,0.25932,0.25962,0.2599,0.26018,0.26045,0.26072,0.26098,0.26123,0.26148,0.26172,0.26195,0.26218,0.26241,0.26263,0.26285,0.26306,0.26327
3.7,0.23867,0.24032,0.24172,0.24294,0.24403,0.24501,0.2459,0.24671,0.24747,0.24817,0.24882,0.24944,0.25002,0.25057,0.25109,0.25158,0.25205,0.2525,0.25293,0.25335,0.25374,0.25413,0.2545,0.25485,0.2552,0.25553,0.25585,0.25617,0.25647,0.25676,0.25705,0.25733,0.2576,0.25787,0.25812,0.25838,0.25862,0.25886,0.2591,0.25933,0.25955,0.25977,0.25999,0.2602,0.26041,0.26061
3.8,0.23654,0.23814,0.23951,0.24071,0.24177,0.24272,0.24359,0.24439,0.24512,0.24581,0.24645,0.24705,0.24761,0.24815,0.24865,0.24914,0.24959,0.25003,0.25045,0.25086,0.25125,0.25162,0.25198,0.25233,0.25266,0.25299,0.2533,0.25361,0.2539,0.25419,0.25447,0.25474,0.25501,0.25526,0.25552,0.25576,0.256,0.25623,0.25646,0.25669,0.25691,0.25712,0.25733,0.25754,0.25774,0.25794
3.9,0.2344,0.23596,0.2373,0.23846,0.2395,0.24043,0.24128,0.24205,0.24277,0.24344,0.24406,0.24465,0.2452,0.24572,0.24621,0.24669,0.24713,0.24756,0.24797,0.24837,0.24874,0.24911,0.24946,0.2498,0.25012,0.25044,0.25075,0.25104,0.25133,0.25161,0.25188,0.25215,0.25241,0.25266,0.2529,0.25314,0.25338,0.25361,0.25383,0.25405,0.25426,0.25447,0.25467,0.25487,0.25507,0.25526
4.0,0.23225,0.23377,0.23508,0.23622,0.23723,0.23814,0.23896,0.23972,0.24042,0.24107,0.24168,0.24225,0.24279,0.2433,0.24378,0.24424,0.24468,0.24509,0.24549,0.24588,0.24625,0.2466,0.24694,0.24727,0.24759,0.2479,0.2482,0.24849,0.24877,0.24904,0.24931,0.24957,0.24982,0.25006,0.2503,0.25054,0.25076,0.25099,0.2512,0.25142,0.25162,0.25183,0.25203,0.25222,0.25241,0.2526
4.1,0.2301,0.23159,0.23287,0.23398,0.23497,0.23585,0.23666,0.2374,0.23808,0.23872,0.23931,0.23987,0.24039,0.24089,0.24136,0.24181,0.24223,0.24264,0.24303,0.24341,0.24377,0.24411,0.24445,0.24477,0.24508,0.24538,0.24567,0.24595,0.24623,0.24649,0.24675,0.247,0.24725,0.24749,0.24772,0.24795,0.24817,0.24839,0.2486,0.24881,0.24901,0.24921,0.2494,0.24959,0.24978,0.24996
4.2,0.22796,0.22942,0.23067,0.23175,0.23272,0.23358,0.23437,0.23509,0.23576,0.23638,0.23696,0.2375,0.23802,0.2385,0.23896,0.2394,0.23981,0.24021,0.24059,0.24096,0.24131,0.24164,0.24197,0.24228,0.24259,0.24288,0.24316,0.24344,0.24371,0.24397,0.24422,0.24446,0.2447,0.24494,0.24516,0.24539,0.2456,0.24581,0.24602,0.24622,0.24642,0.24661,0.2468,0.24699,0.24717,0.24735
4.3,0.22584,0.22727,0.22848,0.22955,0.23049,0.23133,0.2321,0.23281,0.23346,0.23407,0.23463,0.23516,0.23566,0.23614,0.23658,0.23701,0.23742,0.2378,0.23817,0.23853,0.23887,0.2392,0.23952,0.23983,0.24012,0.24041,0.24069,0.24095,0.24122,0.24147,0.24171,0.24195,0.24219,0.24241,0.24264,0.24285,0.24306,0.24327,0.24347,0.24367,0.24386,0.24405,0.24423,0.24441,0.24459,0.24477
4.4,0.22374,0.22514,0.22632,0.22736,0.22828,0.22911,0.22986,0.23055,0.23119,0.23178,0.23233,0.23285,0.23334,0.2338,0.23423,0.23465,0.23505,0.23543,0.23579,0.23614,0.23647,0.23679,0.2371,0.2374,0.23769,0.23797,0.23824,0.2385,0.23876,0.239,0.23924,0.23948,0.2397,0.23993,0.24014,0.24035,0.24056,0.24076,0.24096,0.24115,0.24134,0.24152,0.2417,0.24188,0.24205,0.24222
4.5,0.22166,0.22302,0.22419,0.2252,0.2261,0.22691,0.22764,0.22832,0.22894,0.22952,0.23006,0.23056,0.23104,0.23149,0.23192,0.23232,0.23271,0.23308,0.23343,0.23377,0.2341,0.23441,0.23472,0.23501,0.23529,0.23556,0.23583,0.23608,0.23633,0.23657,0.23681,0.23704,0.23726,0.23747,0.23768,0.23789,0.23809,0.23829,0.23848,0.23867,0.23885,0.23903,0.2392,0.23938,0.23955,0.23971
4.6,0.21961,0.22094,0.22208,0.22307,0.22395,0.22474,0.22545,0.22611,0.22672,0.22729,0.22781,0.22831,0.22877,0.22921,0.22963,0.23003,0.23041,0.23077,0.23111,0.23145,0.23176,0.23207,0.23237,0.23265,0.23293,0.23319,0.23345,0.2337,0.23394,0.23418,0.23441,0.23463,0.23485,0.23506,0.23526,0.23547,0.23566,0.23585,0.23604,0.23622,0.2364,0.23658,0.23675,0.23692,0.23708,0.23724
4.7,0.21758,0.21888,0.21999,0.22096,0.22182,0.2226,0.2233,0.22394,0.22454,0.22509,0.2256,0.22609,0.22654,0.22697,0.22738,0.22777,0.22814,0.22849,0.22883,0.22915,0.22947,0.22976,0.23005,0.23033,0.2306,0.23086,0.23111,0.23136,0.23159,0.23182,0.23205,0.23227,0.23248,0.23268,0.23288,0.23308,0.23327,0.23346,0.23364,0.23382,0.23399,0.23417,0.23433,0.2345,0.23466,0.23482
4.8,0.21558,0.21685,0.21794,0.21889,0.21973,0.22049,0.22117,0.2218,0.22238,0.22292,0.22343,0.2239,0.22435,0.22477,0.22517,0.22555,0.22591,0.22625,0.22658,0.2269,0.2272,0.2275,0.22778,0.22805,0.22831,0.22857,0.22881,0.22905,0.22928,0.22951,0.22973,0.22994,0.23015,0.23035,0.23054,0.23074,0.23092,0.23111,0.23128,0.23146,0.23163,0.2318,0.23196,0.23212,0.23228,0.23243
4.9,0.2136,0.21485,0.21592,0.21685,0.21767,0.21841,0.21908,0.2197,0.22027,0.2208,0.22129,0.22175,0.22219,0.2226,0.22299,0.22336,0.22371,0.22405,0.22437,0.22468,0.22498,0.22527,0.22554,0.22581,0.22606,0.22631,0.22655,0.22679,0.22701,0.22723,0.22745,0.22765,0.22786,0.22805,0.22824,0.22843,0.22861,0.22879,0.22897,0.22914,0.2293,0.22947,0.22963,0.22978,0.22994,0.23009
5.0,0.21166,0.21288,0.21393,0.21483,0.21564,0.21637,0.21702,0.21763,0.21818,0.2187,0.21918,0.21964,0.22006,0.22046,0.22085,0.22121,0.22155,0.22188,0.2222,0.2225,0.22279,0.22307,0.22334,0.2236,0.22385,0.2241,0.22433,0.22456,0.22478,0.225,0.22521,0.22541,0.22561,0.2258,0.22599,0.22617,0.22635,0.22652,0.22669,0.22686,0.22702,0.22718,0.22734,0.22749,0.22764,0.22779
5.1,0.20974,0.21094,0.21197,0.21286,0.21365,0.21436,0.215,0.21559,0.21614,0.21664,0.21711,0.21756,0.21797,0.21837,0.21874,0.2191,0.21943,0.21976,0.22007,0.22036,0.22065,0.22092,0.22118,0.22144,0.22168,0.22192,0.22215,0.22237,0.22259,0.2228,0.223,0.2232,0.2234,0.22358,0.22377,0.22395,0.22412,0.22429,0.22446,0.22462,0.22478,0.22494,0.22509,0.22524,0.22538,0.22553
5.2,0.20786,0.20904,0.21004,0.21091,0.21168,0.21238,0.21301,0.21359,0.21412,0.21462,0.21508,0.21551,0.21592,0.21631,0.21667,0.21702,0.21735,0.21767,0.21797,0.21826,0.21854,0.2188,0.21906,0.21931,0.21955,0.21978,0.22001,0.22023,0.22044,0.22064,0.22084,0.22104,0.22123,0.22141,0.22159,0.22177,0.22194,0.2221,0.22227,0.22242,0.22258,0.22273,0.22288,0.22303,0.22317,0.22331
5.3,0.20601,0.20716,0.20814,0.20899,0.20975,0.21043,0.21105,0.21162,0.21214,0.21263,0.21308,0.2135,0.2139,0.21428,0.21464,0.21498,0.2153,0.21561,0.21591,0.21619,0.21646,0.21673,0.21698,0.21722,0.21746,0.21769,0.21791,0.21812,0.21833,0.21853,0.21872,0.21891,0.2191,0.21928,0.21945,0.21962,0.21979,0.21995,0.22011,0.22027,0.22042,0.22057,0.22072,0.22086,0.221,0.22114
5.4,0.20418,0.20531,0.20627,0.20711,0.20786,0.20852,0.20913,0.20968,0.2102,0.21067,0.21112,0.21153,0.21192,0.21229,0.21264,0.21298,0.21329,0.2136,0.21389,0.21416,0.21443,0.21469,0.21493,0.21517,0.2154,0.21563,0.21584,0.21605,0.21625,0.21645,0.21664,0.21683,0.21701,0.21718,0.21735,0.21752,0.21768,0.21784,0.218,0.21815,0.2183,0.21845,0.21859,0.21873,0.21887,0.219
5.5,0.20239,0.2035,0.20444,0.20526,0.20599,0.20664,0.20724,0.20778,0.20828,0.20875,0.20919,0.20959,0.20998,0.21034,0.21068,0.21101,0.21132,0.21162,0.2119,0.21217,0.21243,0.21268,0.21293,0.21316,0.21338,0.2136,0.21381,0.21402,0.21422,0.21441,0.2146,0.21478,0.21495,0.21513,0.21529,0.21546,0.21562,0.21577,0.21593,0.21608,0.21622,0.21636,0.2165,0.21664,0.21677,0.2169
5.6,0.20062,0.20171,0.20264,0.20344,0.20416,0.2048,0.20538,0.20591,0.20641,0.20686,0.20729,0.20769,0.20806,0.20842,0.20876,0.20908,0.20938,0.20967,0.20995,0.21021,0.21047,0.21072,0.21095,0.21118,0.2114,0.21162,0.21182,0.21202,0.21222,0.21241,0.21259,0.21277,0.21294,0.21311,0.21327,0.21343,0.21359,0.21374,0.21389,0.21404,0.21418,0.21432,0.21446,0.21459,0.21472,0.21485
5.7,0.19889,0.19996,0.20086,0.20166,0.20236,0.20299,0.20356,0.20408,0.20456,0.20501,0.20543,0.20582,0.20619,0.20653,0.20686,0.20718,0.20748,0.20776,0.20803,0.20829,0.20854,0.20879,0.20902,0.20924,0.20946,0.20967,0.20987,0.21006,0.21025,0.21044,0.21062,0.21079,0.21096,0.21113,0.21129,0.21145,0.2116,0.21175,0.21189,0.21204,0.21218,0.21231,0.21245,0.21258,0.2127,0.21283
5.8,0.19718,0.19823,0.19912,0.1999,0.20059,0.2012,0.20176,0.20228,0.20275,0.20319,0.2036,0.20398,0.20434,0.20468,0.20501,0.20531,0.20561,0.20588,0.20615,0.20641,0.20665,0.20689,0.20712,0.20734,0.20755,0.20775,0.20795,0.20814,0.20833,0.20851,0.20868,0.20886,0.20902,0.20918,0.20934,0.20949,0.20964,0.20979,0.20993,0.21007,0.21021,0.21034,0.21047,0.2106,0.21073,0.21085
5.9,0.19551,0.19654,0.19741,0.19817,0.19885,0.19945,0.2,0.2005,0.20097,0.2014,0.2018,0.20218,0.20253,0.20287,0.20318,0.20348,0.20377,0.20404,0.2043,0.20455,0.2048,0.20503,0.20525,0.20546,0.20567,0.20587,0.20607,0.20625,0.20644,0.20661,0.20679,0.20695,0.20712,0.20727,0.20743,0.20758,0.20773,0.20787,0.20801,0.20814,0.20828,0.20841,0.20854,0.20866,0.20879,0.20891
6.0,0.19386,0.19487,0.19573,0.19647,0.19714,0.19773,0.19827,0.19876,0.19922,0.19964,0.20003,0.2004,0.20075,0.20108,0.20139,0.20168,0.20197,0.20223,0.20249,0.20274,0.20297,0.2032,0.20342,0.20363,0.20383,0.20403,0.20422,0.2044,0.20458,0.20475,0.20492,0.20508,0.20524,0.2054,0.20555,0.2057,0.20584,0.20598,0.20612,0.20625,0.20638,0.20651,0.20664,0.20676,0.20688,0.207
6.1,0.19224,0.19323,0.19407,0.19481,0.19546,0.19604,0.19657,0.19705,0.1975,0.19791,0.1983,0.19866,0.199,0.19932,0.19963,0.19992,0.20019,0.20046,0.20071,0.20095,0.20118,0.2014,0.20162,0.20182,0.20202,0.20221,0.2024,0.20258,0.20276,0.20293,0.20309,0.20325,0.20341,0.20356,0.20371,0.20385,0.20399,0.20413,0.20426,0.20439,0.20452,0.20465,0.20477,0.20489,0.20501,0.20512
6.2,0.19064,0.19162,0.19244,0.19317,0.1938,0.19438,0.1949,0.19537,0.19581,0.19622,0.1966,0.19695,0.19728,0.1976,0.1979,0.19818,0.19845,0.19871,0.19896,0.19919,0.19942,0.19964,0.19985,0.20005,0.20024,0.20043,0.20062,0.20079,0.20096,0.20113,0.20129,0.20145,0.2016,0.20175,0.2019,0.20204,0.20217,0.20231,0.20244,0.20257,0.20269,0.20282,0.20294,0.20306,0.20317,0.20328
6.3,0.18907,0.19003,0.19085,0.19155,0.19218,0.19274,0.19325,0.19372,0.19415,0.19455,0.19492,0.19527,0.1956,0.19591,0.1962,0.19648,0.19674,0.19699,0.19724,0.19747,0.19769,0.1979,0.19811,0.19831,0.1985,0.19868,0.19886,0.19904,0.1992,0.19937,0.19953,0.19968,0.19983,0.19997,0.20012,0.20026,0.20039,0.20052,0.20065,0.20078,0.2009,0.20102,0.20114,0.20125,0.20137,0.20148
6.4,0.18753,0.18847,0.18927,0.18997,0.19058,0.19114,0.19164,0.19209,0.19252,0.19291,0.19327,0.19362,0.19394,0.19424,0.19453,0.1948,0.19506,0.19531,0.19555,0.19577,0.19599,0.1962,0.1964,0.1966,0.19678,0.19697,0.19714,0.19731,0.19748,0.19763,0.19779,0.19794,0.19809,0.19823,0.19837,0.19851,0.19864,0.19877,0.19889,0.19902,0.19914,0.19925,0.19937,0.19948,0.19959,0.1997
6.5,0.18602,0.18694,0.18773,0.18841,0.18901,0.18956,0.19005,0.1905,0.19091,0.1913,0.19166,0.19199,0.19231,0.1926,0.19289,0.19315,0.19341,0.19365,0.19388,0.19411,0.19432,0.19453,0.19472,0.19491,0.1951,0.19528,0.19545,0.19561,0.19578,0.19593,0.19608,0.19623,0.19638,0.19652,0.19665,0.19679,0.19691,0.19704,0.19716,0.19729,0.1974,0.19752,0.19763,0.19774,0.19785,0.19796
6.6,0.18453,0.18543,0.18621,0.18688,0.18747,0.188,0.18849,0.18893,0.18934,0.18971,0.19006,0.19039,0.1907,0.191,0.19127,0.19154,0.19179,0.19202,0.19225,0.19247,0.19268,0.19288,0.19308,0.19326,0.19344,0.19362,0.19378,0.19395,0.19411,0.19426,0.19441,0.19455,0.19469,0.19483,0.19497,0.1951,0.19522,0.19535,0.19547,0.19559,0.1957,0.19581,0.19592,0.19603,0.19614,0.19624
6.7,0.18306,0.18395,0.18471,0.18537,0.18595,0.18648,0.18695,0.18738,0.18778,0.18816,0.1885,0.18882,0.18913,0.18941,0.18969,0.18994,0.19019,0.19042,0.19065,0.19086,0.19107,0.19126,0.19145,0.19164,0.19181,0.19198,0.19215,0.19231,0.19246,0.19262,0.19276,0.1929,0.19304,0.19318,0.19331,0.19343,0.19356,0.19368,0.1938,0.19391,0.19403,0.19414,0.19425,0.19435,0.19446,0.19456
6.8,0.18162,0.18249,0.18324,0.18389,0.18446,0.18497,0.18544,0.18587,0.18626,0.18662,0.18696,0.18728,0.18758,0.18786,0.18813,0.18838,0.18862,0.18885,0.18907,0.18928,0.18948,0.18967,0.18986,0.19004,0.19021,0.19038,0.19054,0.1907,0.19085,0.191,0.19114,0.19128,0.19142,0.19155,0.19168,0.1918,0.19192,0.19204,0.19216,0.19227,0.19238,0.19249,0.1926,0.1927,0.1928,0.1929
6.9,0.1802,0.18106,0.18179,0.18243,0.18299,0.1835,0.18396,0.18437,0.18476,0.18512,0.18545,0.18576,0.18605,0.18633,0.18659,0.18684,0.18708,0.1873,0.18752,0.18772,0.18792,0.18811,0.18829,0.18847,0.18864,0.1888,0.18896,0.18912,0.18926,0.18941,0.18955,0.18969,0.18982,0.18995,0.19007,0.19019,0.19031,0.19043,0.19054,0.19066,0.19076,0.19087,0.19097,0.19108,0.19118,0.19127
7.0,0.1788,0.17965,0.18037,0.18099,0.18155,0.18204,0.18249,0.18291,0.18328,0.18363,0.18396,0.18427,0.18455,0.18483,0.18508,0.18533,0.18556,0.18578,0.18599,0.18619,0.18639,0.18657,0.18675,0.18692,0.18709,0.18725,0.18741,0.18756,0.1877,0.18785,0.18798,0.18812,0.18825,0.18837,0.1885,0.18862,0.18873,0.18885,0.18896,0.18907,0.18917,0.18928,0.18938,0.18948,0.18958,0.18967
7.1,0.17742,0.17826,0.17897,0.17958,0.18013,0.18061,0.18106,0.18146,0.18183,0.18218,0.1825,0.1828,0.18308,0.18335,0.1836,0.18384,0.18406,0.18428,0.18449,0.18469,0.18488,0.18506,0.18523,0.1854,0.18557,0.18572,0.18588,0.18603,0.18617,0.18631,0.18644,0.18657,0.1867,0.18682,0.18694,0.18706,0.18718,0.18729,0.1874,0.1875,0.18761,0.18771,0.18781,0.18791,0.188,0.1881
7.2,0.17607,0.17689,0.17759,0.17819,0.17873,0.17921,0.17964,0.18004,0.1804,0.18074,0.18106,0.18135,0.18163,0.18189,0.18214,0.18237,0.18259,0.18281,0.18301,0.1832,0.18339,0.18357,0.18374,0.18391,0.18407,0.18422,0.18437,0.18452,0.18466,0.18479,0.18493,0.18505,0.18518,0.1853,0.18542,0.18553,0.18565,0.18575,0.18586,0.18597,0.18607,0.18617,0.18627,0.18636,0.18645,0.18655
7.3,0.17474,0.17555,0.17623,0.17683,0.17735,0.17782,0.17825,0.17864,0.179,0.17933,0.17964,0.17993,0.1802,0.18046,0.1807,0.18093,0.18115,0.18136,0.18156,0.18175,0.18193,0.1821,0.18227,0.18244,0.18259,0.18275,0.18289,0.18303,0.18317,0.1833,0.18343,0.18356,0.18368,0.1838,0.18392,0.18403,0.18414,0.18425,0.18435,0.18445,0.18455,0.18465,0.18475,0.18484,0.18493,0.18502
7.4,0.17343,0.17422,0.1749,0.17548,0.176,0.17646,0.17688,0.17726,0.17761,0.17794,0.17824,0.17853,0.17879,0.17905,0.17928,0.17951,0.17972,0.17993,0.18012,0.18031,0.18049,0.18066,0.18083,0.18099,0.18114,0.18129,0.18143,0.18157,0.18171,0.18184,0.18197,0.18209,0.18221,0.18232,0.18244,0.18255,0.18266,0.18276,0.18286,0.18296,0.18306,0.18316,0.18325,0.18334,0.18343,0.18352
7.5,0.17214,0.17292,0.17358,0.17415,0.17466,0.17512,0.17553,0.1759,0.17625,0.17657,0.17687,0.17715,0.17741,0.17766,0.17789,0.17811,0.17832,0.17852,0.17871,0.1789,0.17907,0.17924,0.1794,0.17956,0.17971,0.17986,0.18,0.18013,0.18027,0.18039,0.18052,0.18064,0.18076,0.18087,0.18098,0.18109,0.1812,0.1813,0.1814,0.1815,0.18159,0.18169,0.18178,0.18187,0.18195,0.18204
7.6,0.17086,0.17163,0.17228,0.17285,0.17335,0.17379,0.1742,0.17457,0.17491,0.17522,0.17551,0.17579,0.17605,0.17629,0.17652,0.17673,0.17694,0.17714,0.17733,0.17751,0.17768,0.17784,0.178,0.17816,0.1783,0.17845,0.17859,0.17872,0.17885,0.17897,0.1791,0.17921,0.17933,0.17944,0.17955,0.17965,0.17976,0.17986,0.17996,0.18005,0.18015,0.18024,0.18033,0.18042,0.1805,0.18058
7.7,0.16961,0.17037,0.17101,0.17156,0.17205,0.17249,0.17289,0.17325,0.17359,0.17389,0.17418,0.17445,0.1747,0.17494,0.17517,0.17538,0.17558,0.17577,0.17596,0.17614,0.1763,0.17647,0.17662,0.17677,0.17692,0.17706,0.17719,0.17732,0.17745,0.17757,0.17769,0.17781,0.17792,0.17803,0.17814,0.17824,0.17834,0.17844,0.17854,0.17863,0.17872,0.17881,0.1789,0.17899,0.17907,0.17915
7.8,0.16838,0.16912,0.16975,0.1703,0.17078,0.17121,0.1716,0.17196,0.17228,0.17259,0.17287,0.17313,0.17338,0.17361,0.17383,0.17404,0.17424,0.17443,0.17461,0.17479,0.17495,0.17511,0.17526,0.17541,0.17555,0.17569,0.17582,0.17595,0.17607,0.1762,0.17631,0.17643,0.17654,0.17664,0.17675,0.17685,0.17695,0.17704,0.17714,0.17723,0.17732,0.17741,0.17749,0.17758,0.17766,0.17774
7.9,0.16716,0.16789,0.16851,0.16905,0.16952,0.16995,0.17033,0.17068,0.171,0.1713,0.17158,0.17183,0.17208,0.17231,0.17252,0.17273,0.17292,0.17311,0.17329,0.17346,0.17362,0.17377,0.17392,0.17407,0.17421,0.17434,0.17447,0.1746,0.17472,0.17484,0.17495,0.17506,0.17517,0.17527,0.17538,0.17548,0.17557,0.17567,0.17576,0.17585,0.17594,0.17602,0.17611,0.17619,0.17627,0.17635
8.0,0.16596,0.16668,0.16729,0.16782,0.16828,0.1687,0.16908,0.16942,0.16974,0.17003,0.1703,0.17055,0.17079,0.17102,0.17123,0.17143,0.17162,0.1718,0.17198,0.17214,0.1723,0.17246,0.1726,0.17274,0.17288,0.17301,0.17314,0.17326,0.17338,0.1735,0.17361,0.17372,0.17382,0.17393,0.17403,0.17412,0.17422,0.17431,0.1744,0.17449,0.17458,0.17466,0.17474,0.17482,0.1749,0.17498
8.1,0.16478,0.16549,0.16609,0.16661,0.16706,0.16747,0.16784,0.16818,0.16849,0.16878,0.16904,0.16929,0.16953,0.16975,0.16996,0.17015,0.17034,0.17052,0.17069,0.17085,0.17101,0.17116,0.1713,0.17144,0.17157,0.1717,0.17183,0.17195,0.17206,0.17218,0.17229,0.17239,0.1725,0.1726,0.1727,0.17279,0.17288,0.17297,0.17306,0.17315,0.17323,0.17331,0.1734,0.17347,0.17355,0.17363
8.2,0.16362,0.16431,0.1649,0.16541,0.16586,0.16626,0.16663,0.16696,0.16726,0.16754,0.1678,0.16805,0.16828,0.1685,0.1687,0.16889,0.16908,0.16925,0.16942,0.16958,0.16973,0.16988,0.17002,0.17015,0.17029,0.17041,0.17053,0.17065,0.17077,0.17088,0.17098,0.17109,0.17119,0.17129,0.17138,0.17148,0.17157,0.17166,0.17174,0.17183,0.17191,0.17199,0.17207,0.17214,0.17222,0.17229
8.3,0.16247,0.16315,0.16373,0.16423,0.16467,0.16507,0.16543,0.16575,0.16605,0.16633,0.16658,0.16682,0.16705,0.16726,0.16746,0.16765,0.16783,0.168,0.16817,0.16832,0.16847,0.16862,0.16875,0.16889,0.16902,0.16914,0.16926,0.16937,0.16949,0.16959,0.1697,0.1698,0.1699,0.17,0.17009,0.17018,0.17027,0.17036,0.17044,0.17052,0.1706,0.17068,0.17076,0.17083,0.17091,0.17098
8.4,0.16134,0.16201,0.16258,0.16307,0.1635,0.16389,0.16424,0.16456,0.16486,0.16513,0.16538,0.16561,0.16583,0.16604,0.16624,0.16642,0.1666,0.16677,0.16693,0.16708,0.16723,0.16737,0.16751,0.16764,0.16776,0.16788,0.168,0.16811,0.16822,0.16833,0.16843,0.16853,0.16863,0.16872,0.16881,0.1689,0.16899,0.16907,0.16916,0.16924,0.16932,0.16939,0.16947,0.16954,0.16961,0.16968
8.5,0.16022,0.16088,0.16144,0.16192,0.16235,0.16273,0.16308,0.16339,0.16368,0.16394,0.16419,0.16442,0.16464,0.16484,0.16503,0.16522,0.16539,0.16555,0.16571,0.16586,0.16601,0.16614,0.16628,0.1664,0.16653,0.16665,0.16676,0.16687,0.16698,0.16708,0.16718,0.16728,0.16737,0.16747,0.16756,0.16764,0.16773,0.16781,0.16789,0.16797,0.16805,0.16812,0.1682,0.16827,0.16834,0.16841
8.6,0.15912,0.15977,0.16032,0.16079,0.16121,0.16159,0.16192,0.16223,0.16251,0.16278,0.16302,0.16324,0.16346,0.16366,0.16385,0.16402,0.16419,0.16436,0.16451,0.16466,0.1648,0.16493,0.16506,0.16519,0.16531,0.16542,0.16554,0.16564,0.16575,0.16585,0.16595,0.16604,0.16614,0.16623,0.16631,0.1664,0.16648,0.16656,0.16664,0.16672,0.16679,0.16687,0.16694,0.16701,0.16708,0.16715
8.7,0.15803,0.15867,0.15921,0.15968,0.16009,0.16046,0.16079,0.16109,0.16137,0.16162,0.16186,0.16208,0.16229,0.16249,0.16267,0.16285,0.16301,0.16317,0.16332,0.16347,0.1636,0.16374,0.16386,0.16399,0.1641,0.16422,0.16433,0.16443,0.16454,0.16464,0.16473,0.16482,0.16492,0.165,0.16509,0.16517,0.16525,0.16533,0.16541,0.16549,0.16556,0.16563,0.1657,0.16577,0.16584,0.1659
8.8,0.15696,0.15759,0.15812,0.15858,0.15898,0.15934,0.15967,0.15996,0.16024,0.16049,0.16072,0.16094,0.16114,0.16133,0.16151,0.16169,0.16185,0.162,0.16215,0.16229,0.16243,0.16256,0.16268,0.1628,0.16292,0.16303,0.16314,0.16324,0.16334,0.16344,0.16353,0.16362,0.16371,0.1638,0.16388,0.16396,0.16404,0.16412,0.16419,0.16427,0.16434,0.16441,0.16448,0.16455,0.16461,0.16467
8.9,0.1559,0.15652,0.15704,0.15749,0.15789,0.15824,0.15856,0.15885,0.15912,0.15936,0.15959,0.15981,0.16001,0.16019,0.16037,0.16054,0.1607,0.16085,0.161,0.16113,0.16127,0.16139,0.16151,0.16163,0.16174,0.16185,0.16196,0.16206,0.16216,0.16225,0.16234,0.16243,0.16252,0.16261,0.16269,0.16277,0.16284,0.16292,0.16299,0.16307,0.16314,0.1632,0.16327,0.16334,0.1634,0.16346
9.0,0.15486,0.15546,0.15598,0.15642,0.15681,0.15716,0.15747,0.15775,0.15802,0.15826,0.15848,0.15869,0.15889,0.15907,0.15924,0.15941,0.15956,0.15971,0.15986,0.15999,0.16012,0.16024,0.16036,0.16048,0.16059,0.16069,0.1608,0.1609,0.16099,0.16108,0.16117,0.16126,0.16135,0.16143,0.16151,0.16159,0.16166,0.16174,0.16181,0.16188,0.16195,0.16201,0.16208,0.16214,0.16221,0.16227
9.1,0.15382,0.15442,0.15492,0.15536,0.15574,0.15608,0.15639,0.15667,0.15693,0.15716,0.15738,0.15759,0.15778,0.15796,0.15813,0.15829,0.15844,0.15859,0.15873,0.15886,0.15899,0.15911,0.15923,0.15934,0.15945,0.15955,0.15965,0.15975,0.15984,0.15993,0.16002,0.1601,0.16019,0.16027,0.16035,0.16042,0.1605,0.16057,0.16064,0.16071,0.16077,0.16084,0.1609,0.16097,0.16103,0.16109
9.2,0.15281,0.15339,0.15389,0.15431,0.15469,0.15502,0.15533,0.1556,0.15585,0.15608,0.1563,0.1565,0.15669,0.15686,0.15703,0.15719,0.15734,0.15748,0.15762,0.15775,0.15787,0.15799,0.1581,0.15821,0.15832,0.15842,0.15852,0.15861,0.1587,0.15879,0.15888,0.15896,0.15904,0.15912,0.1592,0.15927,0.15934,0.15941,0.15948,0.15955,0.15962,0.15968,0.15974,0.1598,0.15986,0.15992
9.3,0.1518,0.15238,0.15286,0.15328,0.15365,0.15398,0.15427,0.15454,0.15479,0.15502,0.15523,0.15542,0.15561,0.15578,0.15594,0.1561,0.15625,0.15638,0.15652,0.15664,0.15677,0.15688,0.15699,0.1571,0.1572,0.1573,0.1574,0.15749,0.15758,0.15767,0.15775,0.15783,0.15791,0.15799,0.15806,0.15814,0.15821,0.15828,0.15834,0.15841,0.15847,0.15853,0.15859,0.15865,0.15871,0.15877
9.4,0.15081,0.15137,0.15185,0.15226,0.15262,0.15294,0.15323,0.1535,0.15374,0.15396,0.15417,0.15436,0.15454,0.15471,0.15487,0.15502,0.15517,0.1553,0.15543,0.15556,0.15567,0.15579,0.1559,0.156,0.1561,0.1562,0.15629,0.15638,0.15647,0.15656,0.15664,0.15672,0.15679,0.15687,0.15694,0.15701,0.15708,0.15715,0.15722,0.15728,0.15734,0.1574,0.15746,0.15752,0.15758,0.15763
9.5,0.14983,0.15038,0.15085,0.15125,0.15161,0.15192,0.15221,0.15247,0.1527,0.15292,0.15312,0.15331,0.15349,0.15365,0.15381,0.15396,0.1541,0.15423,0.15436,0.15448,0.1546,0.15471,0.15481,0.15492,0.15502,0.15511,0.1552,0.15529,0.15538,0.15546,0.15554,0.15562,0.15569,0.15576,0.15584,0.15591,0.15597,0.15604,0.1561,0.15616,0.15623,0.15628,0.15634,0.1564,0.15645,0.15651
9.6,0.14886,0.1494,0.14986,0.15026,0.15061,0.15091,0.15119,0.15145,0.15168,0.15189,0.15209,0.15228,0.15245,0.15261,0.15276,0.15291,0.15305,0.15318,0.1533,0.15342,0.15353,0.15364,0.15374,0.15384,0.15394,0.15403,0.15412,0.15421,0.15429,0.15437,0.15445,0.15453,0.1546,0.15467,0.15474,0.15481,0.15488,0.15494,0.155,0.15506,0.15512,0.15518,0.15524,0.15529,0.15535,0.1554
9.7,0.1479,0.14843,0.14888,0.14927,0.14961,0.14992,0.15019,0.15044,0.15067,0.15088,0.15107,0.15125,0.15142,0.15158,0.15173,0.15187,0.152,0.15213,0.15225,0.15237,0.15248,0.15259,0.15269,0.15279,0.15288,0.15297,0.15306,0.15314,0.15322,0.1533,0.15338,0.15345,0.15352,0.15359,0.15366,0.15373,0.15379,0.15385,0.15392,0.15397,0.15403,0.15409,0.15414,0.1542,0.15425,0.1543
9.8,0.14695,0.14748,0.14792,0.1483,0.14864,0.14893,0.1492,0.14944,0.14967,0.14987,0.15006,0.15024,0.1504,0.15056,0.15071,0.15084,0.15097,0.1511,0.15122,0.15133,0.15144,0.15154,0.15164,0.15174,0.15183,0.15192,0.152,0.15209,0.15217,0.15224,0.15232,0.15239,0.15246,0.15253,0.15259,0.15266,0.15272,0.15278,0.15284,0.1529,0.15296,0.15301,0.15306,0.15312,0.15317,0.15322
9.9,0.14601,0.14653,0.14697,0.14734,0.14767,0.14796,0.14822,0.14846,0.14868,0.14888,0.14906,0.14924,0.1494,0.14955,0.14969,0.14983,0.14996,0.15008,0.1502,0.15031,0.15041,0.15051,0.15061,0.1507,0.15079,0.15088,0.15096,0.15104,0.15112,0.1512,0.15127,0.15134,0.15141,0.15147,0.15154,0.1516,0.15166,0.15172,0.15178,0.15184,0.15189,0.15194,0.152,0.15205,0.1521,0.15215
10.0,0.14509,0.1456,0.14602,0.14639,0.14671,0.147,0.14725,0.14749,0.1477,0.1479,0.14808,0.14825,0.14841,0.14855,0.14869,0.14883,0.14895,0.14907,0.14918,0.14929,0.1494,0.14949,0.14959,0.14968,0.14977,0.14985,0.14993,0.15001,0.15009,0.15016,0.15023,0.1503,0.15037,0.15043,0.1505,0.15056,0.15062,0.15067,0.15073,0.15079,0.15084,0.15089,0.15094,0.15099,0.15104,0.15109
